PRAGMA foreign_keys=OFF;
BEGIN TRANSACTION;
DELETE FROM tips WHERE user_id IN ('omer','robby') AND target_id IN ('209','mlb:401816057');
DELETE FROM reviews WHERE user_id IN ('omer','robby') AND target_id = '209';
INSERT OR REPLACE INTO users (id,email,username,password_hash,created_at,display_name,bio,avatar,favorites) VALUES ('omer','omer@snapbacksports.com','omer','pbkdf2$100000$+x3ufPcye+FWzNeyiOVBwg==$byxn4ljYEzmLjTyUQDx1JHUBSlaT35VTDWYmUCJc9Js=','2026-07-09T15:03:57.224Z','Omer',NULL,'preset:1',NULL);
INSERT OR REPLACE INTO users (id,email,username,password_hash,created_at,display_name,bio,avatar,favorites) VALUES ('robby','robby@snapbacksports.com','robby','pbkdf2$100000$JA6bWlpUdPlnruG1P/1GNQ==$fC6qmLZCeMDK+f4pzNlrv6Pt4aWbiaF3r143Yo0IdTw=','2026-07-09T15:03:57.224Z','Robby',NULL,'preset:2',NULL);
INSERT OR REPLACE INTO users (id,email,username,password_hash,created_at,display_name,bio,avatar,favorites) VALUES ('ahmed','ahmed@snapbacksports.com','ahmed','pbkdf2$100000$97nE0jF1U5cjc4jBvYBGSQ==$66r7G8rRD5lIgXoYY+cK+iJbx0nggM2bK4bt2ZeduM0=','2026-07-09T15:03:57.224Z','Ahmed',NULL,'preset:3',NULL);
INSERT OR REPLACE INTO tips (id,scope,target_id,section,user_id,author,body,created_at) VALUES ('50395be3fdec169c279e5c6e','venue','209','getting-there','omer','omer','I started at Midtown and took the 7 train directly to Mets-Willets Point, and when I exited the station I followed the rest of the Mets fans to the stadium (2 minute walk). The gate into the stadium was quick and efficient making it about 45 minutes total from Midtown to inside Citi Field.','2026-07-09T15:03:57.224Z');
INSERT OR REPLACE INTO tips (id,scope,target_id,section,user_id,author,body,created_at) VALUES ('5b54bb96c8915b41c795e49f','event','mlb:401816057','getting-there','omer','omer','I started at Midtown and took the 7 train directly to Mets-Willets Point, and when I exited the station I followed the rest of the Mets fans to the stadium (2 minute walk). The gate into the stadium was quick and efficient making it about 45 minutes total from Midtown to inside Citi Field.','2026-07-09T15:03:57.224Z');
INSERT OR REPLACE INTO tips (id,scope,target_id,section,user_id,author,body,created_at) VALUES ('e03f5173bfc955504f93a334','venue','209','best-seats','omer','omer','I got section 109 and was very satisfied with the view of home plate and first base, as well as the jumbotron to the right. There was lots of food near the seat as well and it was easily accessible. The seats also came with access to the Heineken-Hudson-Metro Clubs which had seating and basic ballpark food.','2026-07-09T15:03:57.224Z');
INSERT OR REPLACE INTO tips (id,scope,target_id,section,user_id,author,body,created_at) VALUES ('233ea6f5e1e23ac209742ec4','event','mlb:401816057','best-seats','omer','omer','I got section 109 and was very satisfied with the view of home plate and first base, as well as the jumbotron to the right. There was lots of food near the seat as well and it was easily accessible. The seats also came with access to the Heineken-Hudson-Metro Clubs which had seating and basic ballpark food.','2026-07-09T15:03:57.224Z');
INSERT OR REPLACE INTO tips (id,scope,target_id,section,user_id,author,body,created_at) VALUES ('6f3024d811c0164bc3d3bc0c','venue','209','best-seats','omer','omer','The 100s sections have a good chance of catching a foul ball and T-shirts (there were 2 foul balls landing a couple rows behind us).','2026-07-09T15:03:57.224Z');
INSERT OR REPLACE INTO tips (id,scope,target_id,section,user_id,author,body,created_at) VALUES ('0c1e2d9d9b8297f8ec9c44d6','event','mlb:401816057','best-seats','omer','omer','The 100s sections have a good chance of catching a foul ball and T-shirts (there were 2 foul balls landing a couple rows behind us).','2026-07-09T15:03:57.224Z');
INSERT OR REPLACE INTO tips (id,scope,target_id,section,user_id,author,body,created_at) VALUES ('7301b2a717a4fa7e7026fa4b','venue','209','food','omer','omer','It is worth going to Wok N'' Roll and picking from their vast selection of unique egg rolls. I tried the Rainbow Cookie Egg Roll for $10 which was good but very heavy. They have a different egg roll for every major city with some seasonal ones as well.','2026-07-09T15:03:57.224Z');
INSERT OR REPLACE INTO tips (id,scope,target_id,section,user_id,author,body,created_at) VALUES ('6d5c6d78173a9d368d52ba93','venue','209','food','omer','omer','I ordered the hot Maine lobster roll from the stand outside of section 109 and was very disappointed. It was nearly $37 and was basically lobster pieces on a bun. They were even out of the bayside chips that were supposed to come with it. Skip this.','2026-07-09T15:03:57.224Z');
INSERT OR REPLACE INTO tips (id,scope,target_id,section,user_id,author,body,created_at) VALUES ('3168c6a944d45e7bfcf32992','venue','209','before','omer','omer','I walked through the different lounges we had access to, and the Heineken lounge was huge with lots of seating and food/drink options. It didn''t have a view of the field so if you want to hang out there I would recommend being there before the game starts.','2026-07-09T15:03:57.224Z');
INSERT OR REPLACE INTO tips (id,scope,target_id,section,user_id,author,body,created_at) VALUES ('1103c2e2b5bad768a0a49def','event','mlb:401816057','before','omer','omer','I walked through the different lounges we had access to, and the Heineken lounge was huge with lots of seating and food/drink options. It didn''t have a view of the field so if you want to hang out there I would recommend being there before the game starts.','2026-07-09T15:03:57.224Z');
INSERT OR REPLACE INTO tips (id,scope,target_id,section,user_id,author,body,created_at) VALUES ('18783a9485765c6f3a0f4fd1','venue','209','before','omer','omer','There is a fan section behind the center jumbotron where you can throw a pitch, as well as a batting range, but the line was very long to pitch and the batting range was mainly children.','2026-07-09T15:03:57.224Z');
INSERT OR REPLACE INTO tips (id,scope,target_id,section,user_id,author,body,created_at) VALUES ('703cf80af44d3230bc32499d','event','mlb:401816057','before','omer','omer','There is a fan section behind the center jumbotron where you can throw a pitch, as well as a batting range, but the line was very long to pitch and the batting range was mainly children.','2026-07-09T15:03:57.224Z');
INSERT OR REPLACE INTO tips (id,scope,target_id,section,user_id,author,body,created_at) VALUES ('1373d0af3191c1191b0ec5ab','venue','209','before','omer','omer','There are lots of team stores scattered throughout the stadium that had cool vintage memorabilia that is worth looking through.','2026-07-09T15:03:57.224Z');
INSERT OR REPLACE INTO tips (id,scope,target_id,section,user_id,author,body,created_at) VALUES ('02d5c2d4510af9c4dac1bffc','event','mlb:401816057','before','omer','omer','There are lots of team stores scattered throughout the stadium that had cool vintage memorabilia that is worth looking through.','2026-07-09T15:03:57.224Z');
INSERT OR REPLACE INTO tips (id,scope,target_id,section,user_id,author,body,created_at) VALUES ('cf9bd0633ca396fe71a61fdd','venue','209','atmosphere','omer','omer','I went to a game with the two worst teams in the MLB and yet the vibes could not have been higher. There was an entire section doing "tarps off" where hundreds of guys took their shirts off and waved it. The colored light show in between innings had people on their feet and everyone was singing during karaoke and Take Me Out to the Ballgame. The game was one of the highest scoring of the season at 16-12 so we had lots of fireworks and cheering.','2026-07-09T15:03:57.224Z');
INSERT OR REPLACE INTO tips (id,scope,target_id,section,user_id,author,body,created_at) VALUES ('f4726bc5e168de3ba864d864','venue','209','tips','omer','omer','The food is overly expensive, so don''t take risks on food that sounds interesting in theory but probably isn''t actually.','2026-07-09T15:03:57.224Z');
INSERT OR REPLACE INTO tips (id,scope,target_id,section,user_id,author,body,created_at) VALUES ('d9a42a11d77c85568adabca2','event','mlb:401816057','tips','omer','omer','The food is overly expensive, so don''t take risks on food that sounds interesting in theory but probably isn''t actually.','2026-07-09T15:03:57.224Z');
INSERT OR REPLACE INTO tips (id,scope,target_id,section,user_id,author,body,created_at) VALUES ('1fc84572326d1ce2e9c97731','venue','209','tips','omer','omer','The 100s section lower rows have no shade from the sun so I would only recommend those during a night game or chillier days.','2026-07-09T15:03:57.224Z');
INSERT OR REPLACE INTO tips (id,scope,target_id,section,user_id,author,body,created_at) VALUES ('34a5107ca24be62541400690','event','mlb:401816057','tips','omer','omer','The 100s section lower rows have no shade from the sun so I would only recommend those during a night game or chillier days.','2026-07-09T15:03:57.224Z');
INSERT OR REPLACE INTO tips (id,scope,target_id,section,user_id,author,body,created_at) VALUES ('389d3dfcd04528772f7ad139','venue','209','tips','omer','omer','There is a "super express" train after the game that goes from Mets-Willets Point straight to Manhattan.','2026-07-09T15:03:57.224Z');
INSERT OR REPLACE INTO tips (id,scope,target_id,section,user_id,author,body,created_at) VALUES ('284cc8ba9c03ea45117c20c9','event','mlb:401816057','tips','omer','omer','There is a "super express" train after the game that goes from Mets-Willets Point straight to Manhattan.','2026-07-09T15:03:57.224Z');
INSERT OR REPLACE INTO reviews (id,scope,target_id,game_id,user_id,author,rating,body,created_at) VALUES ('1ad2f407bbe6b0ba08a5d608','venue','209','401816057','omer','omer',NULL,'Getting There: I started at Midtown and took the 7 train directly to Mets-Willets Point, and when I exited the station I followed the rest of the Mets fans to the stadium (2 minute walk). The gate into the stadium was quick and efficient making it about 45 minutes total from Midtown to inside Citi Field.

Best Seats: I got section 109 and was very satisfied with the view of home plate and first base, as well as the jumbotron to the right. There was lots of food near the seat as well and it was easily accessible. The seats also came with access to the Heineken-Hudson-Metro Clubs which had seating and basic ballpark food. The 100s sections have a good chance of catching a foul ball and T-shirts (there were 2 foul balls landing a couple rows behind us).

Food: It is worth going to Wok N'' Roll and picking from their vast selection of unique egg rolls. I tried the Rainbow Cookie Egg Roll for $10 which was good but very heavy. They have a different egg roll for every major city with some seasonal ones as well. I ordered the hot Maine lobster roll from the stand outside of section 109 and was very disappointed. It was nearly $37 and was basically lobster pieces on a bun. They were even out of the bayside chips that were supposed to come with it. Skip this.

Before the Game: I walked through the different lounges we had access to, and the Heineken lounge was huge with lots of seating and food/drink options. It didn''t have a view of the field so if you want to hang out there I would recommend being there before the game starts. There is a fan section behind the center jumbotron where you can throw a pitch, as well as a batting range, but the line was very long to pitch and the batting range was mainly children. There are lots of team stores scattered throughout the stadium that had cool vintage memorabilia that is worth looking through.

Atmosphere: I went to a game with the two worst teams in the MLB and yet the vibes could not have been higher. There was an entire section doing "tarps off" where hundreds of guys took their shirts off and waved it. The colored light show in between innings had people on their feet and everyone was singing during karaoke and Take Me Out to the Ballgame. The game was one of the highest scoring of the season at 16-12 so we had lots of fireworks and cheering.

Insider tips: The food is overly expensive, so don''t take risks on food that sounds interesting in theory but probably isn''t actually. The 100s section lower rows have no shade from the sun so I would only recommend those during a night game or chillier days. There is a "super express" train after the game that goes from Mets-Willets Point straight to Manhattan.','2026-07-09T15:03:57.224Z');
INSERT OR REPLACE INTO tips (id,scope,target_id,section,user_id,author,body,created_at) VALUES ('248dad99812fd4e15f3cfe37','venue','209','getting-there','robby','robby','I came from the airport on a delayed flight with bags. I Ubered from the airport to Corona food market near the 111 St station where I left my bags with them using the Bounce app for ~$15. I left a suitcase and a backpack with them before walking 1 minute to the 111 St station and took the 7 train one stop to the Mets-Willets Point station where I got off and walked into the stadium when the gates first opened at 5:40pm for a 7:10pm game.','2026-07-09T15:03:57.224Z');
INSERT OR REPLACE INTO tips (id,scope,target_id,section,user_id,author,body,created_at) VALUES ('13c0016e5fdf0811c3d10027','event','mlb:401816057','getting-there','robby','robby','I came from the airport on a delayed flight with bags. I Ubered from the airport to Corona food market near the 111 St station where I left my bags with them using the Bounce app for ~$15. I left a suitcase and a backpack with them before walking 1 minute to the 111 St station and took the 7 train one stop to the Mets-Willets Point station where I got off and walked into the stadium when the gates first opened at 5:40pm for a 7:10pm game.','2026-07-09T15:03:57.224Z');
INSERT OR REPLACE INTO tips (id,scope,target_id,section,user_id,author,body,created_at) VALUES ('988e43729faa0892ecc4a996','venue','209','best-seats','robby','robby','Seats in the 100s are all generally pretty good. The views of the plate, outfield, and infield are all solid and they put you near lots of good food on the concourse with a good shot at getting balls or a t-shirt.','2026-07-09T15:03:57.224Z');
INSERT OR REPLACE INTO tips (id,scope,target_id,section,user_id,author,body,created_at) VALUES ('55de65cc575ad06cb884ae76','event','mlb:401816057','best-seats','robby','robby','Seats in the 100s are all generally pretty good. The views of the plate, outfield, and infield are all solid and they put you near lots of good food on the concourse with a good shot at getting balls or a t-shirt.','2026-07-09T15:03:57.224Z');
INSERT OR REPLACE INTO tips (id,scope,target_id,section,user_id,author,body,created_at) VALUES ('8c5b5d474c91c532e5752c55','venue','209','food','robby','robby','The best food I tried all night was the $5.00 hot dog and $5.00 12oz Coors Light combo. It was affordable, convenient, didn''t have a line, and hit the spot.','2026-07-09T15:03:57.224Z');
INSERT OR REPLACE INTO tips (id,scope,target_id,section,user_id,author,body,created_at) VALUES ('12e055559e8e36c5bdd5eb1e','venue','209','before','robby','robby','The Heineken lounge that we had access to via our 100 level tickets on the 300 level was pretty cool but wasn''t exclusive nor as cool as we had originally thought.','2026-07-09T15:03:57.224Z');
INSERT OR REPLACE INTO tips (id,scope,target_id,section,user_id,author,body,created_at) VALUES ('dc5ceacf75ba389edfdc9f18','event','mlb:401816057','before','robby','robby','The Heineken lounge that we had access to via our 100 level tickets on the 300 level was pretty cool but wasn''t exclusive nor as cool as we had originally thought.','2026-07-09T15:03:57.224Z');
INSERT OR REPLACE INTO tips (id,scope,target_id,section,user_id,author,body,created_at) VALUES ('4f5eb3b8f74b3c2e4d0a252b','venue','209','before','robby','robby','The team store is loaded with cool gear and is pretty big. I would recommend checking that out although you can expect to pay a decent amount of money for most items.','2026-07-09T15:03:57.224Z');
INSERT OR REPLACE INTO tips (id,scope,target_id,section,user_id,author,body,created_at) VALUES ('0341ed3cfc8dfa414274cad7','event','mlb:401816057','before','robby','robby','The team store is loaded with cool gear and is pretty big. I would recommend checking that out although you can expect to pay a decent amount of money for most items.','2026-07-09T15:03:57.224Z');
INSERT OR REPLACE INTO tips (id,scope,target_id,section,user_id,author,body,created_at) VALUES ('95aade8f210a2759e17d55bd','venue','209','atmosphere','robby','robby','The Mets and Royals aren''t the best MLB teams this year so I had low expectations but we ended up seeing one of the highest scoring games of the year. It felt like there was a homer every inning which made the game highly entertaining however I don''t think this is something you can count on.','2026-07-09T15:03:57.224Z');
INSERT OR REPLACE INTO tips (id,scope,target_id,section,user_id,author,body,created_at) VALUES ('cd35e5d876228a07d9076e76','venue','209','tips','robby','robby','If you''re looking for consistency food wise, just hit the Shake Shack on the concourse behind the jumbotron.','2026-07-09T15:03:57.224Z');
INSERT OR REPLACE INTO tips (id,scope,target_id,section,user_id,author,body,created_at) VALUES ('0b1bf531e551e7a3e1be3d7a','event','mlb:401816057','tips','robby','robby','If you''re looking for consistency food wise, just hit the Shake Shack on the concourse behind the jumbotron.','2026-07-09T15:03:57.224Z');
INSERT OR REPLACE INTO tips (id,scope,target_id,section,user_id,author,body,created_at) VALUES ('2470c2975d0fc8bb1395e4f9','venue','209','tips','robby','robby','Avoid cocktails. They''re all ridiculously priced throughout the stadium.','2026-07-09T15:03:57.224Z');
INSERT OR REPLACE INTO tips (id,scope,target_id,section,user_id,author,body,created_at) VALUES ('411f293847b515974fd201ad','event','mlb:401816057','tips','robby','robby','Avoid cocktails. They''re all ridiculously priced throughout the stadium.','2026-07-09T15:03:57.224Z');
INSERT OR REPLACE INTO reviews (id,scope,target_id,game_id,user_id,author,rating,body,created_at) VALUES ('4b555f3231d19729672052ed','venue','209','401816057','robby','robby',NULL,'Getting there: I came from the airport on a delayed flight with bags. I Ubered from the airport to Corona food market near the 111 St station where I left my bags with them using the Bounce app for ~$15. I left a suitcase and a backpack with them before walking 1 minute to the 111 St station and took the 7 train one stop to the Mets-Willets Point station where I got off and walked into the stadium when the gates first opened at 5:40pm for a 7:10pm game.

Best Seats: Seats in the 100s are all generally pretty good. The views of the plate, outfield, and infield are all solid and they put you near lots of good food on the concourse with a good shot at getting balls or a t-shirt.

Best food: The best food I tried all night was the $5.00 hot dog and $5.00 12oz Coors Light combo. It was affordable, convenient, didn''t have a line, and hit the spot.

Before the Game: The Heineken lounge that we had access to via our 100 level tickets on the 300 level was pretty cool but wasn''t exclusive nor as cool as we had originally thought. The team store is loaded with cool gear and is pretty big. I would recommend checking that out although you can expect to pay a decent amount of money for most items.

Atmosphere: The Mets and Royals aren''t the best MLB teams this year so I had low expectations but we ended up seeing one of the highest scoring games of the year. It felt like there was a homer every inning which made the game highly entertaining however I don''t think this is something you can count on.

Insider Tips: If you''re looking for consistency food wise, just hit the Shake Shack on the concourse behind the jumbotron. Also, avoid cocktails. They''re all ridiculously priced throughout the stadium.','2026-07-09T15:03:57.224Z');
COMMIT;
